kross_id,nome,citta,indirizzo,ospiti_default,ospiti_min,ospiti_max,url_prenotazione,note_bot
261,APPARTAMENTO BILO JANNA,Stintino,"Via dei Rosmarini 8, Stintino",4,1,4,https://affittasardegna.it/?kross_accommodation=261,
1093,APPARTAMENTO GEMMA DEL MARE,Castelsardo,"Via Abruzzo 15 , Castelsardo",4,1,4,https://affittasardegna.it/?kross_accommodation=1093,
1085,APPARTAMENTO IL DELFINO,Porto Torres,"Via Lungomare Balai, 26 L , Porto Torres",4,1,4,https://affittasardegna.it/?kross_accommodation=1085,
1164,APPARTAMENTO IL FARO,Badesi,"Via Dettori 20 - Residence le Onde , Badesi",3,1,3,https://affittasardegna.it/?kross_accommodation=1164,
1091,APPARTAMENTO LUGHE 'E MARI,Stintino,"Via Angelo Moratti 9/A, Stintino",4,1,4,https://affittasardegna.it/?kross_accommodation=1091,
1184,APPARTAMENTO PERLA,Santa Teresa Di Gallura,"Str. Punta Falcone, La Ficaccia , Santa Teresa di Gallura",4,1,4,https://affittasardegna.it/?kross_accommodation=1184,
1182,APPARTAMENTO RUBINO,Santa Teresa Di Gallura,"Str. Punta Falcone, La Ficaccia , Santa Teresa di Gallura",4,1,4,https://affittasardegna.it/?kross_accommodation=1182,
1183,APPARTAMENTO SMERALDO,Santa Teresa Di Gallura,"Str. Punta Falcone, La Ficaccia , Santa Teresa di Gallura",4,1,4,https://affittasardegna.it/?kross_accommodation=1183,
1105,APPARTAMENTO SUNSET,Golfo Aranci,"Via Marinella, Residence Abi d'Oru, GOLFO ARANCI",4,1,4,https://affittasardegna.it/?kross_accommodation=1105,
404,ATTICO MARE,Cala Gonone,"Via S'lschina e su re 11/13, Cala Gonone",6,1,7,https://affittasardegna.it/?kross_accommodation=404,
905,ATTICO PINTAU,Cala Gonone,Cala Gonone,4,1,5,https://affittasardegna.it/?kross_accommodation=905,
413,BILO AGOSTINO 2,Alghero,"Via Don Minzoni, 92, Alghero",4,1,4,https://affittasardegna.it/?kross_accommodation=413,
418,BILO AGOSTINO 3,Alghero,"Via Don Minzoni, 92, Alghero",3,1,4,https://affittasardegna.it/?kross_accommodation=418,
1200,BILO ARCOBALENO,Viddalba,"VIA XXV Aprile, VIDDALBA",3,1,3,https://affittasardegna.it/?kross_accommodation=1200,
1198,BILO BELVEDERE,Trinità D'Agultu E Vignola,"Via delle Poste (snc), Trinità D'agultu e Vignola",4,1,4,https://affittasardegna.it/?kross_accommodation=1198,
249,BILO CARAIBI 1,Pittulongu,"Via Mar dei Caraibi , Pittulongu",3,1,3,https://affittasardegna.it/?kross_accommodation=249,
256,BILO CARAIBI 2,Pittulongu,"Via Mar dei Caraibi, Pittulongu",4,1,4,https://affittasardegna.it/?kross_accommodation=256,
1128,BILO DE BAHAS,Golfo Aranci,"Località Marana- Golfo di Marinella, GOLFO ARANCI",4,1,4,https://affittasardegna.it/?kross_accommodation=1128,
1042,BILO DEGLI SCALINI,Porto Torres,"Via Angioy 91, Porto Torres",2,1,2,https://affittasardegna.it/?kross_accommodation=1042,
417,BILO DOTTO,Porto Istana,"Viale Porto Istana, Porto Istana",2,1,2,https://affittasardegna.it/?kross_accommodation=417,
1158,BILO ELICRISO,Isola Rossa,"Corso Isola Rossa 74 - Paduledda, Isola Rossa",3,1,3,https://affittasardegna.it/?kross_accommodation=1158,
419,BILO EUROPA,Alghero,"Via Castelsardo, Alghero",4,1,4,https://affittasardegna.it/?kross_accommodation=419,
1180,BILO FIGARO,Stintino,"Via Punta Negra 12, Stintino",4,1,4,https://affittasardegna.it/?kross_accommodation=1180,
1116,BILO GIGLIO,"Sos Alinos, Orosei","Via Su Vrangone 3, Sos Alinos, Orosei",4,1,4,https://affittasardegna.it/?kross_accommodation=1116,
246,BILO GROSSETO,San Teodoro,"Via Prato, San Teodoro",3,1,3,https://affittasardegna.it/?kross_accommodation=246,
1178,BILO IL PORTO,Palau,"Via Riva dei Lestrigoni 12 , Palau",4,1,4,https://affittasardegna.it/?kross_accommodation=1178,
1103,BILO IL TIMONE,Budoni,"Via Su Puntu ,32 Loc. Tanaunella , Budoni",2,1,2,https://affittasardegna.it/?kross_accommodation=1103,
231,BILO ISTANA,Porto Istana,"Viale Porto Istana, Porto Istana",4,1,4,https://affittasardegna.it/?kross_accommodation=231,
1134,BILO LIBELLULA,Orosei,"Località Settile SNC, OROSEI",4,1,4,https://affittasardegna.it/?kross_accommodation=1134,
1064,BILO MARINELLA 4,Marinella,"Località Villa Blu - Residence Marineledda, Marinella",4,1,4,https://affittasardegna.it/?kross_accommodation=1064,
1129,BILO MINI DE BAHAS,Golfo Aranci,"Località Marana- Golfo di Marinella, GOLFO ARANCI",3,1,3,https://affittasardegna.it/?kross_accommodation=1129,
1124,BILO NIBARU 1,Budoni,"Via Carbonia 9 , Budoni",2,1,2,https://affittasardegna.it/?kross_accommodation=1124,
1125,BILO NIBARU 2,Budoni,"Via Carbonia 9 , Budoni",4,1,4,https://affittasardegna.it/?kross_accommodation=1125,
1027,BILO NURAGHEDDU,San Teodoro,"Via di Lu nuragheddu 8/d, Villaggio Nuragheddu, San Teodoro",3,1,4,https://affittasardegna.it/?kross_accommodation=1027,
1199,BILO PANORAMA,Castelsardo,"Via Li Russi, 11 , CASTELSARDO",4,1,4,https://affittasardegna.it/?kross_accommodation=1199,
258,BILO RUINAS 1,Pittulongu,"Via del Giglio, Pittulongu",4,1,4,https://affittasardegna.it/?kross_accommodation=258,
442,BILO RUINAS 3,Pittulongu,"Via del Giglio, Pittulongu",4,1,4,https://affittasardegna.it/?kross_accommodation=442,
1154,BILO SA BELLESA,Badesi,"Via Barcellona snc, Badesi",4,1,4,https://affittasardegna.it/?kross_accommodation=1154,
897,BILO SOPPALCO GROSSETO,San Teodoro,"Via Grosseto, San Teodoro",4,1,4,https://affittasardegna.it/?kross_accommodation=897,
1185,BILO TARTARUGA,Viddalba,"Via Australia snc. int. 4 , Viddalba",4,1,4,https://affittasardegna.it/?kross_accommodation=1185,
1112,BILO TERESA,Santa Teresa Di Gallura,"Via Capo Testa 27, Santa Teresa di Gallura",4,1,4,https://affittasardegna.it/?kross_accommodation=1112,
996,BILO TRAMONTO,Valledoria,"Via Armando Diaz 4 12, La Muddizza - Residence Ibisco, Valledoria",3,1,4,https://affittasardegna.it/?kross_accommodation=996,
1041,CALA DELLE VIGNE,Porto Torres,"Via delle vigne 15, Porto Torres",4,1,4,https://affittasardegna.it/?kross_accommodation=1041,
1102,CASA ACQUAMARINA,Stintino,"Via Tonnara le Saline n°7, Stintino",5,1,5,https://affittasardegna.it/?kross_accommodation=1102,
456,CASA ALTAMAREA,Cala Gonone,"Via Virgilio, 3, Cala Gonone",6,1,6,https://affittasardegna.it/?kross_accommodation=456,
1106,CASA AMBRA 1,San Teodoro,"Vico L'Arruli, Località Lu Fraili, SAN TEODORO",6,1,6,https://affittasardegna.it/?kross_accommodation=1106,
1107,CASA AMBRA 2,San Teodoro,"Vico L'Arruli, Località Lu Fraili, SAN TEODORO",6,1,6,https://affittasardegna.it/?kross_accommodation=1107,
1108,CASA AMBRA 3,San Teodoro,"Vico L'Arruli, Località Lu Fraili, SAN TEODORO",6,1,6,https://affittasardegna.it/?kross_accommodation=1108,
349,CASA ARANCIO,Cala Gonone,"Viale Laconi, Angolo via Doschele, Cala Gonone",5,1,5,https://affittasardegna.it/?kross_accommodation=349,
1075,CASA ARRULI,San Teodoro,"Vico L'Arruli, Località Lu Fraili, San Teodoro",4,1,4,https://affittasardegna.it/?kross_accommodation=1075,
1166,CASA AURA,Porto Torres,"Via Azuni 45, Porto Torres",4,1,4,https://affittasardegna.it/?kross_accommodation=1166,
1171,CASA BIANCA 1,Porto Torres,"Via machiavelli 3/5, Porto Torres",4,1,4,https://affittasardegna.it/?kross_accommodation=1171,
1170,CASA BIANCA 2,Porto Torres,"Via Macchiavelli 3/5, Porto Torres",4,1,4,https://affittasardegna.it/?kross_accommodation=1170,
1172,CASA BIANCA 3,Porto Torres,"Via Machiavelli 3/5, Porto Torres",6,1,6,https://affittasardegna.it/?kross_accommodation=1172,
920,CASA BRIGANTINO,San Teodoro,"Via Cala Girgolu s.n.c., San Teodoro",4,1,5,https://affittasardegna.it/?kross_accommodation=920,
1090,CASA CELESTE,Stintino,"Via Cala Sabina 18/D, Stintino",4,1,4,https://affittasardegna.it/?kross_accommodation=1090,
346,CASA CHICCA,Cala Gonone,"Via Giuseppe Ungaretti, Cala Gonone",7,1,8,https://affittasardegna.it/?kross_accommodation=346,
357,CASA COLLODI,Cala Gonone,"Via Collodi 18, Cala Gonone",9,1,9,https://affittasardegna.it/?kross_accommodation=357,
1150,CASA CONCHIGLIA BLU,Stintino,"Via dei Lentischi 14B, Stintino",6,1,6,https://affittasardegna.it/?kross_accommodation=1150,
268,CASA COPPIA 2,Porto Istana,"Via Delle Ortensie, Porto Istana",6,1,6,https://affittasardegna.it/?kross_accommodation=268,
499,CASA COPPIA 3,Porto Istana,"Viale Porto Istana, Porto Istana",5,1,5,https://affittasardegna.it/?kross_accommodation=499,
1096,CASA COSTA,San Teodoro,"Località Costa Caddu , San Teodoro",4,1,4,https://affittasardegna.it/?kross_accommodation=1096,
1149,CASA DEI PESCATORI,Santa Lucia,"Via Giovanni da Verrazzano 15, Santa Lucia",8,1,8,https://affittasardegna.it/?kross_accommodation=1149,
525,CASA DEL GOLFO,Cala Gonone,"Via Osala, Cala Gonone",5,1,6,https://affittasardegna.it/?kross_accommodation=525,
1145,CASA DELLE DUNE,Siniscola,"Loc. S'Ena e Sa Chitta SNC, Siniscola",6,1,6,https://affittasardegna.it/?kross_accommodation=1145,
1110,CASA DELLE FARFALLE,Golfo Aranci,"Cala delfino n° 6, Golfo Aranci",6,1,6,https://affittasardegna.it/?kross_accommodation=1110,
329,CASA DELLE STELLE,Cala Gonone,"Via Giuseppe Ungaretti, Cala Gonone",7,1,7,https://affittasardegna.it/?kross_accommodation=329,
289,CASA DEL LIDO,Alghero,"Via Giovanni De Giorgio, 17, Alghero",5,1,5,https://affittasardegna.it/?kross_accommodation=289,
288,CASA DEL MARE,Cala Gonone,"Via Lungomare dell'Acqua Dolce, Cala Gonone",6,1,6,https://affittasardegna.it/?kross_accommodation=288,
956,CASA DORA,Budoni,"Via Giuseppe Dessì , 7, Agrustos , Budoni",4,1,4,https://affittasardegna.it/?kross_accommodation=956,
507,CASA FESTA,Cala Gonone,"Sentiero Cala Fuili - Cala Luna, Cala Gonone",12,1,13,https://affittasardegna.it/?kross_accommodation=507,
922,CASA GALEONE,San Teodoro,"Via Pescara s.n.c., San Teodoro",5,1,5,https://affittasardegna.it/?kross_accommodation=922,
1187,CASA GALILEI,Porto Torres,"Via Principe di Piemonte 6, PORTO TORRES",3,1,3,https://affittasardegna.it/?kross_accommodation=1187,
1138,CASA G.G.,Valledoria,"Via Galilei 15, VALLEDORIA",4,1,4,https://affittasardegna.it/?kross_accommodation=1138,
1156,Casa Ginepri C,Cala Gonone,"Via S'ischina de su rè 0, Cala Gonone",4,1,5,https://affittasardegna.it/?kross_accommodation=1156,
1118,CASA GIRASOLE,Badesi,"Località Baia delle Mimose, BADESI",4,1,4,https://affittasardegna.it/?kross_accommodation=1118,
1097,CASA IL GIARDINO DELL' ERICA,Olbia,"Via dell'Ortensie n°68, Porto Istana, Olbia",6,1,6,https://affittasardegna.it/?kross_accommodation=1097,
913,CASA JOAN,San Teodoro,"Loc. Puntaldia, San Teodoro",6,1,6,https://affittasardegna.it/?kross_accommodation=913,
1087,CASA JOLIE,Porto Torres,"Via Barisone 5, Porto Torres",4,1,4,https://affittasardegna.it/?kross_accommodation=1087,
1188,CASA LA PELOSA 1,Stintino,"Viale La Pelosa N° 23 , Stintino",4,1,4,https://affittasardegna.it/?kross_accommodation=1188,
1189,CASA LA PELOSA 2,Stintino,"Viale la Pelosa 23 , Stintino",4,1,4,https://affittasardegna.it/?kross_accommodation=1189,
1193,CASA LA PELOSA 3,Stintino,"Viale la Pelosa 23, STINTINO",6,1,6,https://affittasardegna.it/?kross_accommodation=1193,
1194,CASA LA PELOSA 4,Stintino,"Viale la Pelosa 23, Stintino",6,1,6,https://affittasardegna.it/?kross_accommodation=1194,
1195,CASA LA PELOSA 5,Stintino,"Viale la Pelosa 23, Stintino",6,1,6,https://affittasardegna.it/?kross_accommodation=1195,
563,CASA LENTISCHIO,Stintino,"Via dei Lentischi, Stintino",5,1,6,https://affittasardegna.it/?kross_accommodation=563,
1153,CASA  LE TONNARE,Stintino,"Via delle Mattanze 1, Stintino",6,1,6,https://affittasardegna.it/?kross_accommodation=1153,
950,CASA LICCIA,Aglientu,"Strada la Littichedda, Aglientu",2,1,2,https://affittasardegna.it/?kross_accommodation=950,
1035,CASA LI FERULI,Isola Rossa,"Via La Padula 14, loc. Paduledda, Isola Rossa",6,1,6,https://affittasardegna.it/?kross_accommodation=1035,
1086,CASA LI FRATI,Badesi,"Località Pirotto Li Frati , Badesi",4,1,4,https://affittasardegna.it/?kross_accommodation=1086,
314,CASA LIMONI,Cala Gonone,"Via Sos Dorroles, Cala Gonone",10,1,11,https://affittasardegna.it/?kross_accommodation=314,
551,CASA LUNA,Cala Gonone,"Via Cala Luna, Cala Gonone",7,1,8,https://affittasardegna.it/?kross_accommodation=551,
947,CASA MAJORE,Aglientu,"Strada la Littichedda, Aglientu",7,1,7,https://affittasardegna.it/?kross_accommodation=947,
465,CASA  MANDARINO,Cala Gonone,"Viale Laconi, Agolo via Doschele, Cala Gonone",4,1,5,https://affittasardegna.it/?kross_accommodation=465,
1142,CASA MAREA,Badesi,"Località Pirotto Li Frati , BADESI",4,1,4,https://affittasardegna.it/?kross_accommodation=1142,
583,CASA MERISI,Alghero,"Via Caravaggio, 50, Alghero",4,1,4,https://affittasardegna.it/?kross_accommodation=583,
987,CASA MIRADOR,Budoni,"Via Marco Polo, 71 , Agrustos, Budoni",3,1,4,https://affittasardegna.it/?kross_accommodation=987,
944,CASA MIRAMARE,Castelsardo,"Via Genova 15, Lu bagnu, Castelsardo",6,1,6,https://affittasardegna.it/?kross_accommodation=944,
949,CASA MONTIRUSSU,Aglientu,"Strada la Littichedda, Aglientu",3,1,3,https://affittasardegna.it/?kross_accommodation=949,
1054,CASA NULAURO,Alghero,"Via Nulauro 10, Alghero",3,1,3,https://affittasardegna.it/?kross_accommodation=1054,
589,CASA ORTENSIA,Cala Gonone,"Via del Lentischio, 5, Cala Gonone",8,1,8,https://affittasardegna.it/?kross_accommodation=589,
363,CASA OSALLA 1,Cala Gonone,"Via Fuili , Cala Gonone",4,1,5,https://affittasardegna.it/?kross_accommodation=363,
359,CASA OSALLA 2,Cala Gonone,"Via Fuili, Cala Gonone",4,1,5,https://affittasardegna.it/?kross_accommodation=359,
1038,CASA OSTINA,Castelsardo,"Località Peppapilo 15, CASTELSARDO",2,1,2,https://affittasardegna.it/?kross_accommodation=1038,
245,CASA PARADISO,Cala Gonone,"Via Collodi, Cala Gonone",8,1,8,https://affittasardegna.it/?kross_accommodation=245,
253,CASA PEDRA 1,Dorgali,"Str. per Grotta Ispinigoli e Spiaggia Cartoe, Dorgali",4,1,5,https://affittasardegna.it/?kross_accommodation=253,
339,CASA PEDRA 2,Dorgali,"Strada per Grotta Ispinigoli e Spiaggia Cartoe, Dorgali",4,1,5,https://affittasardegna.it/?kross_accommodation=339,
988,CASA PEDRA DE BUSCA,Orosei,"SS 125 Orientale Sarda, Orosei",6,1,6,https://affittasardegna.it/?kross_accommodation=988,
1098,CASA PESCA,Isola Rossa,"Via Tinnari n°1/S, Località Paduledda, Isola Rossa",4,1,4,https://affittasardegna.it/?kross_accommodation=1098,
601,CASA PIGNA,Cala Gonone,"Via Flumendosa, Cala Gonone",13,1,13,https://affittasardegna.it/?kross_accommodation=601,
307,CASA PINETA 1,Cala Gonone,"Via dei Lecci, Cala Gonone",6,1,7,https://affittasardegna.it/?kross_accommodation=307,
623,CASA PINETA 3,Cala Gonone,"Via dei Lecci, Cala Gonone",4,1,5,https://affittasardegna.it/?kross_accommodation=623,
619,CASA PINTAU,Cala Gonone,"Via Neruda, 13, Cala Gonone",12,1,12,https://affittasardegna.it/?kross_accommodation=619,
618,CASA POETA,Cala Gonone,"Via Giuseppe Ungaretti, Cala Gonone",6,1,6,https://affittasardegna.it/?kross_accommodation=618,
612,CASA POMPIA 1,Siniscola,"Via Euforbia, Siniscola",5,1,5,https://affittasardegna.it/?kross_accommodation=612,
607,CASA POMPIA 2,Siniscola,"Via Euforbia, Siniscola",5,1,5,https://affittasardegna.it/?kross_accommodation=607,
624,CASA POMPIA 3,Siniscola,"Via Euforbia, Siniscola",5,1,5,https://affittasardegna.it/?kross_accommodation=624,
610,CASA POMPIA 4,Siniscola,"Via Euforbia, Siniscola",5,1,5,https://affittasardegna.it/?kross_accommodation=610,
611,CASA POMPIA 5,Siniscola,"Via Euforbia, Siniscola",5,1,5,https://affittasardegna.it/?kross_accommodation=611,
617,CASA POMPIA 6,Siniscola,"Via Euforbia, Siniscola",8,1,7,https://affittasardegna.it/?kross_accommodation=617,
948,CASA RENA,Aglientu,"Strada la Littichedda, Aglientu",4,1,4,https://affittasardegna.it/?kross_accommodation=948,
613,CASA RODARI,Cala Gonone,"Via Collodi, Cala Gonone",7,1,7,https://affittasardegna.it/?kross_accommodation=613,
620,CASA ROSA DEI VENTI,Cala Gonone,"Via Laconi Renzo, Cala Gonone",8,1,8,https://affittasardegna.it/?kross_accommodation=620,
1039,CASA ROSMARINI,Stintino,"Via dei Mirti 17, Stintino",4,1,5,https://affittasardegna.it/?kross_accommodation=1039,
635,CASA SERSE,Stintino,"Via dei Ginepri, Stintino",3,1,3,https://affittasardegna.it/?kross_accommodation=635,
1088,CASA STELLA MARINA,Golfo Aranci,"Località Spiaggia Bianca , Golfo Aranci",4,1,4,https://affittasardegna.it/?kross_accommodation=1088,
1114,CASA SUNRISE,Porto Torres,"Via Romagnosi 7b, Porto Torres",4,1,4,https://affittasardegna.it/?kross_accommodation=1114,
1051,CASA TARRAGONA,Alghero,"Via Rodolfo Morandi 2, Alghero",5,1,5,https://affittasardegna.it/?kross_accommodation=1051,
1179,CASA TURCHESE,Alghero,"Via delle Baleari 30 , Alghero",5,1,5,https://affittasardegna.it/?kross_accommodation=1179,
1065,CASA TURRIS,Porto Torres,"Viale delle Vigne 27, Porto Torres",5,1,5,https://affittasardegna.it/?kross_accommodation=1065,
660,CASA VASCO,Cala Gonone,"Via Vasco De Gama, 4, Cala Gonone",6,1,6,https://affittasardegna.it/?kross_accommodation=660,
662,CASA VEDETTA,Cala Gonone,"Via Codula e Gustui, Cala Gonone",6,1,6,https://affittasardegna.it/?kross_accommodation=662,
1151,DOMO PINETA,Siniscola,"Via Giovanni da Verrazzano , SINISCOLA",5,1,5,https://affittasardegna.it/?kross_accommodation=1151,
1161,DOMO VIGNOLA,Aglientu,"Località Lu Lamoni 4D , Aglientu",4,1,4,https://affittasardegna.it/?kross_accommodation=1161,
1119,LA MANSARDA DEL MARE,Castelsardo,"Corso Italia 19 , Lu Bagnu , Castelsardo",4,1,4,https://affittasardegna.it/?kross_accommodation=1119,
1130,MONO DE BAHAS,Golfo Aranci,"Località Marana- Golfo di Marinella , GOLFO ARANCI",2,1,2,https://affittasardegna.it/?kross_accommodation=1130,
1177,MONO GARDENIA,Alghero,"Viale Giovanni XXIII 74/76, Alghero",3,1,3,https://affittasardegna.it/?kross_accommodation=1177,
1115,MONO GIGLIO,"Sos Alinos, Orosei","Via Su Vrangone 3, Sos Alinos, Orosei",2,1,2,https://affittasardegna.it/?kross_accommodation=1115,
738,MONO ISTANA,Porto Istana,"Viale Porto Istana, Porto Istana",2,1,2,https://affittasardegna.it/?kross_accommodation=738,
1141,MONO MARINELLA 1,Marinella,"Località Villa Blu - Residence Marineledda, Marinella",2,1,2,https://affittasardegna.it/?kross_accommodation=1141,
1139,MONO MARINELLA 2,Marinella,"Località Villa Blu - Residence Marineledda, Marinella",3,1,3,https://affittasardegna.it/?kross_accommodation=1139,
1140,MONO MARINELLA 3,Marinella,"Località Villa Blu - Residence Marineledda, Marinella",3,1,3,https://affittasardegna.it/?kross_accommodation=1140,
748,PENTA APPENTOS,Siniscola,"Via Sos Appentos, Siniscola",8,1,8,https://affittasardegna.it/?kross_accommodation=748,
1000,PORTICO DELLE ROSE,Castelsardo,"Corso Italia 28 A, Lu bagnu, Castelsardo",4,1,4,https://affittasardegna.it/?kross_accommodation=1000,
1121,QUADRI ALBA,"Lu Bagnu, Castelsardo","Via Venezia 9 , Lu Bagnu, Castelsardo",7,1,7,https://affittasardegna.it/?kross_accommodation=1121,
916,QUADRI EBANO,San Teodoro,"Via Santa Teresa, San Teodoro",6,1,6,https://affittasardegna.it/?kross_accommodation=916,
1159,QUADRI LENTU E MARI,Porto Torres,"Via Machiavelli 1, Porto Torres",6,1,6,https://affittasardegna.it/?kross_accommodation=1159,
756,QUADRI LIBEROTTO,Cala Liberotto,"Via Fuile e Mare, Sas Linnas Siccas, NU, Italia, Cala Liberotto",6,1,6,https://affittasardegna.it/?kross_accommodation=756,
1100,QUADRI PAGANINI,Orosei,"Via Paganini 15, Orosei",7,1,7,https://affittasardegna.it/?kross_accommodation=1100,
1201,QUADRI TERRANOVA,Olbia,"VIA FILARETE 1, OLBIA",6,1,6,https://affittasardegna.it/?kross_accommodation=1201,
1120,QUADRI TRAMONTO,"Lu Bagnu, Castelsardo","Via Venezia 9 , Lu Bagnu, Castelsardo",9,1,9,https://affittasardegna.it/?kross_accommodation=1120,
1169,STANZA EUFORBIA 101,Siniscola,"Via Euforbia, SINISCOLA",2,1,2,https://affittasardegna.it/?kross_accommodation=1169,
1168,STANZA EUFORBIA 102,Siniscola,"Via Euforbia, SINISCOLA",2,1,2,https://affittasardegna.it/?kross_accommodation=1168,
1155,STANZA EUFORBIA 103,Siniscola,"Via Euforbia, Siniscola",2,1,2,https://affittasardegna.it/?kross_accommodation=1155,
1173,STANZA EUFORBIA 104,Siniscola,"Via Euforbia, SINISCOLA",2,1,2,https://affittasardegna.it/?kross_accommodation=1173,
1174,STANZA EUFORBIA 105,Siniscola,"Via Euforbia, Siniscola",3,1,3,https://affittasardegna.it/?kross_accommodation=1174,
959,STAZZU LA QUERCIA,Aglientu,"Località Lagnata, Aglientu",10,1,10,https://affittasardegna.it/?kross_accommodation=959,
1092,TERRA LUGHENTE,Stintino,"Via Angelo Moratti 9/A, Stintino",4,1,4,https://affittasardegna.it/?kross_accommodation=1092,
1055,TRILO AGOSTINO 2,Alghero,"Via Don Minzoni, 92, Alghero",5,1,5,https://affittasardegna.it/?kross_accommodation=1055,
802,TRILO AGOSTINO 3,Alghero,"Via Don Minzoni, 92, Alghero",5,1,5,https://affittasardegna.it/?kross_accommodation=802,
1137,TRILO ALBICOCCA,Viddalba,"Via dei Salici , Viddalba",6,1,6,https://affittasardegna.it/?kross_accommodation=1137,
1181,TRILO ALISEO,Stintino,"Località Cala Lupo - Villaggio dei Mirti A , Stintino",4,1,4,https://affittasardegna.it/?kross_accommodation=1181,
1175,TRILO APPENTOS 1,Siniscola,"Via Sos Appentos, Siniscola",4,1,4,https://affittasardegna.it/?kross_accommodation=1175,
1176,TRILO APPENTOS 2,Siniscola,"Via Sos Appentos , Siniscola",4,1,4,https://affittasardegna.it/?kross_accommodation=1176,
796,TRILO APPENTOS 3,Siniscola,"Via Sos Appentos, Siniscola",4,1,4,https://affittasardegna.it/?kross_accommodation=796,
250,TRILO BELLAVISTA 1,Porto Istana,"Viale Porto Istana, Porto Istana",6,1,6,https://affittasardegna.it/?kross_accommodation=250,
791,TRILO BELLAVISTA 2,Porto Istana,"Viale Porto Istana, Porto Istana",6,1,6,https://affittasardegna.it/?kross_accommodation=791,
335,TRILO BELLAVISTA 3,Porto Istana,"Viale Porto Istana, Porto Istana",4,1,4,https://affittasardegna.it/?kross_accommodation=335,
1034,TRILO CALA LUPO,Stintino,"Via Carru e Frau, Stintino",6,1,6,https://affittasardegna.it/?kross_accommodation=1034,
241,TRILO CARAIBI,Pittulongu,"Via Mar Dei Caraibi n.4, Pittulongu",5,1,5,https://affittasardegna.it/?kross_accommodation=241,
1005,TRILO CEDRO,Orosei,"Via Tiziano Vercellio ,7, Orosei",5,1,6,https://affittasardegna.it/?kross_accommodation=1005,
1135,TRILO CERICA,Stintino,"Via Punta d'Elice 10/E, Stintino",5,1,5,https://affittasardegna.it/?kross_accommodation=1135,
1133,TRILO COLIBRÌ,Orosei,"Località Settile SNC, OROSEI",4,1,4,https://affittasardegna.it/?kross_accommodation=1133,
1131,TRILO DE BAHAS,Golfo Aranci,"Località Marana- Golfo di Marinella , GOLFO ARANCI",6,1,6,https://affittasardegna.it/?kross_accommodation=1131,
914,TRILO EBANO 1,San Teodoro,"Via Santa Teresa, San Teodoro",4,1,6,https://affittasardegna.it/?kross_accommodation=914,
915,TRILO EBANO 2,San Teodoro,"Via Santa Teresa, San Teodoro",4,1,6,https://affittasardegna.it/?kross_accommodation=915,
954,TRILO ECCLE,Stintino,"Loc. Ridundadu, Via Monte Acuto s.n, Stintino",5,1,5,https://affittasardegna.it/?kross_accommodation=954,
1152,TRILO EUFORBIA,Siniscola,"Via Euforbia, Siniscola",5,1,5,https://affittasardegna.it/?kross_accommodation=1152,
271,TRILO GEMELLI 1,Alghero,"Via Carbonia 2, Alghero",5,1,5,https://affittasardegna.it/?kross_accommodation=271,
262,TRILO GEMELLI 2,Alghero,"Via Carbonia 2, Alghero",5,1,5,https://affittasardegna.it/?kross_accommodation=262,
230,TRILO GEMELLI 4,Alghero,"Via Carbonia 2, Alghero",5,1,5,https://affittasardegna.it/?kross_accommodation=230,
899,TRILO GEMELLI 5,Alghero,"Via Carbonia 2, Alghero",5,1,5,https://affittasardegna.it/?kross_accommodation=899,
1117,TRILO GIGLIO,"Sos Alinos, Orosei","Via Su Vrangone 3, Sos Alinos, Orosei",6,1,6,https://affittasardegna.it/?kross_accommodation=1117,
257,TRILO GROSSETO,San Teodoro,"Via Grosseto, San Teodoro",5,1,5,https://affittasardegna.it/?kross_accommodation=257,
908,TRILO I FARI,Loiri Porto San Paolo,"Via del Corallo s.n.c, Loiri Porto San Paolo",6,1,6,https://affittasardegna.it/?kross_accommodation=908,
1104,TRILO IL TIMONE,Budoni,"Via Su Puntu, 32 Loc. Tanaunella , Budoni",6,1,6,https://affittasardegna.it/?kross_accommodation=1104,
981,TRILO LA CINTA A,San Teodoro,"Vico l'Avru, San Teodoro",5,1,6,https://affittasardegna.it/?kross_accommodation=981,
982,TRILO LA CINTA C,San Teodoro,"Vico l'Avru, San Teodoro",5,1,6,https://affittasardegna.it/?kross_accommodation=982,
983,TRILO LA CINTA D,San Teodoro,"Vico l'Avru, San Teodoro",5,1,6,https://affittasardegna.it/?kross_accommodation=983,
809,TRILO LA PELOSA,Stintino,"Via Angelo Moratti, Stintino",5,1,5,https://affittasardegna.it/?kross_accommodation=809,
1146,TRILO LA PERGOLA FIORITA,Stintino,"Via dei Mirti 15/F, Stintino",6,1,6,https://affittasardegna.it/?kross_accommodation=1146,
1157,TRILO LE GINESTRE,Castelsardo,"Via Valle d'Aosta 4- Lu Bagnu , Castelsardo",5,1,5,https://affittasardegna.it/?kross_accommodation=1157,
1113,TRILO L'ESSENZA,Castelsardo,"Via Valle d'Aosta 3 - Lu Bagnu, Castelsardo",4,1,4,https://affittasardegna.it/?kross_accommodation=1113,
793,TRILO LIBEROTTO,Cala Liberotto,"Via Fuile e Mare, 4, 08028 Sas Linnas Siccas NU, Cala Liberotto",4,1,4,https://affittasardegna.it/?kross_accommodation=793,
1123,TRILO LI FRATI,Badesi,"Baia delle Mimose, Badesi",6,1,6,https://affittasardegna.it/?kross_accommodation=1123,
1165,TRILO L'ONDA BLU,Castelsardo,"Via Cavallotti 1, Castelsardo",4,1,4,https://affittasardegna.it/?kross_accommodation=1165,
1008,TRILO MOLISE,San Teodoro,"Via Molise, San Teodoro",4,1,5,https://affittasardegna.it/?kross_accommodation=1008,
1007,TRILO NEROLI,Orosei,"Via Tiziano Vercellio, Orosei",4,1,5,https://affittasardegna.it/?kross_accommodation=1007,
1126,TRILO NIBARU,Budoni,"Via Carbonia 9 , Budoni",6,1,6,https://affittasardegna.it/?kross_accommodation=1126,
1014,TRILO OE MARINU,Cala Gonone,"Via degli oleandri, Cala Gonone",4,1,4,https://affittasardegna.it/?kross_accommodation=1014,
1003,TRILO PONTES,Orosei,"Via Musio, Orosei",4,1,4,https://affittasardegna.it/?kross_accommodation=1003,
1144,TRILO SA MINDA NOA,Badesi,"Via La Minda 3A, BADESI",4,1,4,https://affittasardegna.it/?kross_accommodation=1144,
1004,TRILO TIRIARZU,Posada,"Via martiri di Bugerru, Posada",4,1,4,https://affittasardegna.it/?kross_accommodation=1004,
1083,TRILO TIRRENO,San Teodoro,"Via del Tirreno 71, loc. La Cinta, San Teodoro",4,1,5,https://affittasardegna.it/?kross_accommodation=1083,
1095,VILLA ARMONIA,Loiri Porto San Paolo,"Via Don Luigi Sturzo 3 , Loiri Porto San Paolo",6,1,6,https://affittasardegna.it/?kross_accommodation=1095,
912,VILLA BREZZA D'ORIENTE,Stintino,"Via Gennargentu 35b, Punta de Su Turrione, Stintino",6,1,6,https://affittasardegna.it/?kross_accommodation=912,
832,VILLA GERANI,Cala Gonone,"Via Laconi Renzo, Cala Gonone",10,1,10,https://affittasardegna.it/?kross_accommodation=832,
1132,VILLA JASMINE,Trinità D'Agultu E Vignola,"Costa Paradiso , Trinità d'Agultu e Vignola",16,1,16,https://affittasardegna.it/?kross_accommodation=1132,
957,VILLA LA CANNA,San Teodoro,"Vico la Canna III, Suaredda-traversa SS, San Teodoro",6,1,6,https://affittasardegna.it/?kross_accommodation=957,
844,VILLA LA FATA,Stintino,"Via Ogliastra 73 - Punta di Su Torrione, Stintino",8,1,8,https://affittasardegna.it/?kross_accommodation=844,
1136,VILLA LA SCOGLIERA,Aglientu,"Costa Paradiso , Aglientu",6,1,6,https://affittasardegna.it/?kross_accommodation=1136,
1196,VILLA LA VELA,Stintino,"Via Bruncu Spina 46A, STINTINO",6,1,6,https://affittasardegna.it/?kross_accommodation=1196,
1089,VILLA LUMINOSA,Alghero,"Località Ungias n. 122, Alghero",4,1,4,https://affittasardegna.it/?kross_accommodation=1089,
860,VILLA MALV,Stintino,"Via Punta Barbarossa, 10, Stintino",6,1,6,https://affittasardegna.it/?kross_accommodation=860,
849,VILLA OLIVIA,Cala Gonone,"Via La Favorita, Cala Gonone",8,1,8,https://affittasardegna.it/?kross_accommodation=849,
252,VILLA PALMA (complex),Cala Gonone,"Via Picasso, Cala Gonone",8,1,8,https://affittasardegna.it/?kross_accommodation=252,
906,VILLA PALMA DEPANDANCE,Cala Gonone,"Via Picasso 12/14, Cala Gonone",2,1,4,https://affittasardegna.it/?kross_accommodation=906,
239,VILLA PALMASERA,Cala Gonone,"Via Lungomare Palmasera, Cala Gonone",12,1,12,https://affittasardegna.it/?kross_accommodation=239,
864,VILLA RUJU,Dorgali,"Via la Marmora, 238, Dorgali",12,1,12,https://affittasardegna.it/?kross_accommodation=864,
365,VILLA SOLEMARE,Cala Gonone,"Via Laconi Renzo, Cala Gonone",12,1,12,https://affittasardegna.it/?kross_accommodation=365,
1143,VILLETTA AGAVE,Badesi,"Località Pirotto Li Frati, BADESI",6,1,6,https://affittasardegna.it/?kross_accommodation=1143,
226,VILLETTA BILO JANNA,Stintino,"Via dei Rosmarini, 8, Stintino",4,1,4,https://affittasardegna.it/?kross_accommodation=226,
1192,VILLETTA CORALLO,Costa Paradiso,"Via Li Nibbaroni, 5, Costa Paradiso",4,1,4,https://affittasardegna.it/?kross_accommodation=1192,
1160,VILLETTA DORIA,Viddalba,"Via XXV Aprile 33, VIddalba",4,1,4,https://affittasardegna.it/?kross_accommodation=1160,
1190,VILLETTA GOLFO,Costa Paradiso,"Via Li Nibbaroni, 5, Costa Paradiso",4,1,4,https://affittasardegna.it/?kross_accommodation=1190,
1186,VILLETTA L'ANCORA,Stintino,"Via la Curiazza 7, Stintino",6,1,6,https://affittasardegna.it/?kross_accommodation=1186,
1163,VILLETTA LA SORGENTE,Trinità D'Agultu E Vignola,"Via Li Chessi 2 - Costa Paradiso, Trinità d'Agultu e Vignola",5,1,5,https://affittasardegna.it/?kross_accommodation=1163,
1162,VILLETTA LE MIMOSE,Badesi,"Baia delle Mimose 2/C, Badesi",5,1,5,https://affittasardegna.it/?kross_accommodation=1162,
1009,VILLETTA MAGENTA,San Teodoro,"Via Magenta, San Teodoro",4,1,5,https://affittasardegna.it/?kross_accommodation=1009,
1101,VILLETTA MERAVIGLIA,San Teodoro,"Via Tevere s.n., San Teodoro",6,1,6,https://affittasardegna.it/?kross_accommodation=1101,
1191,VILLETTA MIRICE,Costa Paradiso,"Via Li Nibbaroni, 5, Costa Paradiso",4,1,4,https://affittasardegna.it/?kross_accommodation=1191,
1197,VILLETTA OLEANDRO,Valledoria,"Via Oleandri (snc), Valledoria",5,1,5,https://affittasardegna.it/?kross_accommodation=1197,
994,VILLETTA OLTREMARE,San Teodoro,"Via Costa Caddu, loc. La Padula Sicca, San Teodoro",6,1,6,https://affittasardegna.it/?kross_accommodation=994,
917,VILLETTA ORIZZONTE BLU,San Teodoro,"Costa Caddu, San Teodoro",4,1,4,https://affittasardegna.it/?kross_accommodation=917,
1099,VILLETTA PEDRA E SOLE,Orosei,"Località Barastula , Orosei",5,1,5,https://affittasardegna.it/?kross_accommodation=1099,
940,VILLETTA SAE GRECU,Orosei,"Loc. Sae Grecu, Orosei",4,1,4,https://affittasardegna.it/?kross_accommodation=940,
871,VILLETTA SOLE,Orosei,"Loc. Dudurri, Orosei",5,1,5,https://affittasardegna.it/?kross_accommodation=871,
232,VILLETTA TRILO JANNA,Stintino,"Via dei Rosmarini, Stintino",5,1,5,https://affittasardegna.it/?kross_accommodation=232,
1006,VILLETTA ULIVO,Orosei,"SS 125 Orientale Sarda - Loc. Gargannai, Orosei",4,1,4,https://affittasardegna.it/?kross_accommodation=1006,
882,VILLINO PANNA,Cala Gonone,"Via Majorca s.n., Cala Gonone",8,1,8,https://affittasardegna.it/?kross_accommodation=882,
